estimate,lower.0.95,upper.0.95,model,term
1.50364006478619,0.509454773108359,2.49782535646403,first_v_peak,intercept
0.834190493130283,0.674608717459833,0.993772268800732,first_v_peak,slope
-1.54140266995318,-3.6293957560484,0.54659041614204,first_v_end,intercept
0.689964681047709,0.334097582466076,1.04583177962934,first_v_end,slope
-2.08474413677638,-3.08738082370884,-1.08210744984391,peak_v_end,intercept
1.05093208887198,0.787917071091803,1.31394710665215,peak_v_end,slope
