estimate,lower.0.95,upper.0.95,model,term
-1.07830681899075,-1.72113976203508,-0.435473875946429,first_v_peak,intercept
0.795563309761844,0.646631511028352,0.944495108495336,first_v_peak,slope
-6.40141691515186,-7.82454309085822,-4.97829073944549,first_v_end,intercept
0.801338479636691,0.34708289355991,1.25559406571347,first_v_end,slope
-4.27080443813792,-5.99132414643526,-2.55028472984058,peak_v_end,intercept
1.33443928447174,0.791408885540027,1.87746968340346,peak_v_end,slope
