estimate,lower.0.95,upper.0.95,model,term
1.20982906043934,0.307735251074681,2.111922869804,first_v_peak,intercept
0.809117862864497,0.617648927762638,1.00058679796635,first_v_peak,slope
-2.69731623768765,-9.94323595302451,4.54860347764921,first_v_end,intercept
1.41807442502249,-0.206022176540511,3.04217102658549,first_v_end,slope
-3.04567435541298,-10.3235104388015,4.23216172797554,peak_v_end,intercept
2.46311089544284,-0.537428859379297,5.46365065026498,peak_v_end,slope
