estimate,lower.0.95,upper.0.95,model,term
1.44733067473835,0.399026215880374,2.49563513359632,first_v_peak,intercept
0.827883970778388,0.668797656023948,0.986970285532827,first_v_peak,slope
-2.45634841666782,-4.40816693373522,-0.504529899600412,first_v_end,intercept
0.500301182695914,0.0905757663998479,0.910026598991979,first_v_end,slope
-2.10954639008811,-3.18240946853003,-1.03668331164619,peak_v_end,intercept
0.994123986270593,0.638316871827031,1.34993110071416,peak_v_end,slope
