estimate,lower.0.95,upper.0.95,model,term
-1.99679786403159,-2.95569316606125,-1.03790256200194,peak_v_first,intercept
1.09871902896657,0.840741794175266,1.35669626375788,peak_v_first,slope
1.81738858427532,0.51844308914091,3.11633407940973,first_v_peak,intercept
0.910151052194604,0.694348254229123,1.12595385016009,first_v_peak,slope
-1.18636347456082,-3.58540857066525,1.21268162154361,first_v_end,intercept
0.751563216573922,0.344395338458499,1.15873109468934,first_v_end,slope
-2.62815143445655,-3.81282601036578,-1.44347685854731,peak_v_end,intercept
0.848897392774638,0.53559783234475,1.16219695320453,peak_v_end,slope
