estimate,lower.0.95,upper.0.95,model,term
1.93224274756795,0.746905456355373,3.11758003878053,first_v_peak,intercept
0.968233876198378,0.78294958884322,1.15351816355354,first_v_peak,slope
-0.872005779178731,-3.26638179778353,1.52237023942607,first_v_end,intercept
0.828376414509937,0.418890451084065,1.23786237793581,first_v_end,slope
-2.70716358096355,-4.10285778644812,-1.31146937547898,peak_v_end,intercept
0.773390367327506,0.382604553602674,1.16417618105234,peak_v_end,slope
