estimate,lower.0.95,upper.0.95,model,term
0.0636846197950174,-0.968583713690261,1.0959529532803,first_v_peak,intercept
0.79113712127528,0.611797764950159,0.9704764776004,first_v_peak,slope
-5.23378615305232,-9.80293087775197,-0.664641428352669,first_v_end,intercept
0.93405351134406,-0.0292630393212461,1.89737006200937,first_v_end,slope
-3.9506462792466,-6.62366882715957,-1.27762373133363,peak_v_end,intercept
1.55437869290446,0.819696755419722,2.2890606303892,peak_v_end,slope
