estimate,lower.0.95,upper.0.95,model,term
0.493099088816572,-0.49530663804391,1.48150481567705,first_v_peak,intercept
0.724450871673661,0.510094590072243,0.938807153275078,first_v_peak,slope
-2.82585738394962,-7.97057785591537,2.31886308801613,first_v_end,intercept
0.914623449393117,-0.164293926155508,1.99354082494174,first_v_end,slope
-1.70696376955586,-7.7403040962232,4.32637655711149,peak_v_end,intercept
1.87182234270135,-0.217472274932235,3.96111696033493,peak_v_end,slope
